{
	"vertexPositions" : [
		-1.5,-1.5,1.5,
		1.5,-1.5,1.5,
		1.5,1.5,1.5,
		-1.5,1.5,1.5,
		-1.5,-1.5,-1.5,
		-1.5,1.5,-1.5,
		1.5,1.5,-1.5,
		1.5,-1.5,-1.5,
		-1.5,1.5,-1.5,
		-1.5,1.5,1.5,
		1.5,1.5,1.5,
		1.5,1.5,-1.5,
		-1.5,-1.5,-1.5,
		1.5,-1.5,-1.5,
		1.5,-1.5,1.5,
		-1.5,-1.5,1.5,
		1.5,-1.5,-1.5,
		1.5,1.5,-1.5,
		1.5,1.5,1.5,
		1.5,-1.5,1.5,
		-1.5,-1.5,-1.5,
		-1.5,-1.5,1.5,
		-1.5,1.5,1.5,
		-1.5,1.5,-1.5],
	"vertexNormals" : [
		0.0,0.0,1.5,
		0.0,0.0,1.5,
		0.0,0.0,1.5,
		0.0,0.0,1.5,
		0.0,0.0,-1.5,
		0.0,0.0,-1.5,
		0.0,0.0,-1.5,
		0.0,0.0,-1.5,
		0.0,1.5,0.0,
		0.0,1.5,0.0,
		0.0,1.5,0.0,
		0.0,1.5,0.0,
		0.0,-1.5,0.0,
		0.0,-1.5,0.0,
		0.0,-1.5,0.0,
		0.0,-1.5,0.0,
		1.5,0.0,0.0,
		1.5,0.0,0.0,
		1.5,0.0,0.0,
		1.5,0.0,0.0,
		-1.5,0.0,0.0,
		-1.5,0.0,0.0,
		-1.5,0.0,0.0,
		-1.5,0.0,0.0],
	"vertexFrontcolors" : [
		0.0,0.0,1.5,
		0.0,1.5,1.5,
		0.0,1.5,0.0,
		0.0,1.5,0.0,
		1.5,1.5,0.0,
		1.5,0.0,0.0,
		1.5,0.0,1.5,
		1.5,0.0,1.5,
		0.0,0.0,1.5,
		0.0,1.5,1.5,
		0.0,1.5,0.0,
		0.0,1.5,0.0,
		1.5,1.5,0.0,
		1.5,0.0,0.0,
		1.5,0.0,1.5,
		1.5,0.0,1.5],
	"vertexBackcolors" : [
		0.0392156862745098,0.0392156862745098,0.0392156862745098,
		0.0392156862745098,0.0392156862745098,0.0392156862745098,
		0.0392156862745098,0.0392156862745098,0.0392156862745098,
		0.0392156862745098,0.0392156862745098,0.0392156862745098,
		0.0392156862745098,0.0392156862745098,0.0392156862745098,
		0.0392156862745098,0.0392156862745098,0.0392156862745098,
		0.0392156862745098,0.0392156862745098,0.0392156862745098,
		0.0392156862745098,0.0392156862745098,0.0392156862745098,
		0.0392156862745098,0.0392156862745098,0.0392156862745098,
		0.0392156862745098,0.0392156862745098,0.0392156862745098,
		0.0392156862745098,0.0392156862745098,0.0392156862745098,
		0.0392156862745098,0.0392156862745098,0.0392156862745098,
		0.0392156862745098,0.0392156862745098,0.0392156862745098,
		0.0392156862745098,0.0392156862745098,0.0392156862745098,
		0.0392156862745098,0.0392156862745098,0.0392156862745098,
		0.0392156862745098,0.0392156862745098,0.0392156862745098]
}